Attribute,counts
Alien,9
Ape,24
Female,3840
Male,6039
Zombie,88
0 accessories,8
1 accessories,333
2 accessories,3560
3 accessories,4501
4 accessories,1420
5 accessories,166
6 accessories,11
7 accessories,1
Green Eye Shadow,271
Earring,2459
Blonde Bob,147
Smile,238
Mohawk,441
Wild Hair,447
Nerd Glasses,572
Pipe,317
Big Shades,535
Goat,295
Purple Eye Shadow,262
Half Shaved,147
Do-rag,300
Wild White Hair,136
Spots,124
Clown Eyes Blue,384
Messy Hair,460
Luxurious Beard,286
Clown Nose,212
Police Cap,203
Big Beard,146
Blue Eye Shadow,266
Black Lipstick,617
Clown Eyes Green,382
Straight Hair Dark,148
Blonde Short,129
Purple Lipstick,655
Straight Hair Blonde,144
Pilot Helmet,54
Hot Lipstick,696
Regular Shades,527
Stringy Hair,463
Small Shades,378
Frown,261
Eye Mask,293
Muttonchops,303
Bandana,481
Horned Rim Glasses,535
Crazy Hair,414
Classic Shades,502
Handlebars,263
Mohawk Dark,429
Dark Hair,157
Peak Spike,303
Normal Beard Black,289
Cap,351
VR,332
Frumpy Hair,442
Cigarette,961
Normal Beard,292
Red Mohawk,147
Shaved Head,300
Chinstrap,282
Mole,644
Knitted Cap,419
Fedora,186
Shadow Beard,526
Straight Hair,151
Hoodie,259
Eye Patch,461
Headband,406
Cowboy Hat,142
Tassle Hat,178
3D Glasses,286
Mustache,288
Vape,272
Choker,48
Pink With Hat,95
Welding Goggles,86
Vampire Hair,147
Mohawk Thin,441
Tiara,55
Front Beard Dark,260
Cap Forward,254
Gold Chain,169
Purple Hair,165
Beanie,44
Clown Hair Green,148
Pigtails,94
Silver Chain,156
Front Beard,273
Rosy Cheeks,128
Orange Side,68
Wild Blonde,144
Buck Teeth,78
Top Hat,115
Medical Mask,175
