accessory,counts
Earring,4539
Cigarette,1747
Hot Lipstick,1274
Purple Lipstick,1218
Mole,1181
Black Lipstick,1128
Nerd Glasses,1041
Big Shades,975
Horned Rim Glasses,975
Regular Shades,964
Shadow Beard,962
Classic Shades,911
Bandana,886
Messy Hair,855
Stringy Hair,850
Eye Patch,842
Wild Hair,840
Frumpy Hair,823
Mohawk Thin,815
Mohawk,814
Knitted Cap,790
Mohawk Dark,777
Crazy Hair,770
Headband,765
Clown Eyes Blue,712
Small Shades,706
Clown Eyes Green,697
Cap,654
VR,605
Pipe,576
Peak Spike,566
Do-rag,560
Goat,550
Shaved Head,547
Muttonchops,544
Eye Mask,535
Normal Beard,533
3D Glasses,532
Mustache,530
Normal Beard Black,529
Luxurious Beard,518
Chinstrap,517
Green Eye Shadow,509
Front Beard,505
Vape,497
Handlebars,484
Blue Eye Shadow,482
Purple Eye Shadow,482
Front Beard Dark,476
Frown,473
Hoodie,471
Cap Forward,471
Smile,424
Clown Nose,385
Police Cap,379
Fedora,344
Tassle Hat,334
Medical Mask,313
Gold Chain,309
Purple Hair,305
Dark Hair,291
Red Mohawk,281
Silver Chain,281
Straight Hair,277
Straight Hair Blonde,275
Blonde Bob,274
Half Shaved,270
Straight Hair Dark,269
Wild Blonde,268
Clown Hair Green,266
Vampire Hair,266
Cowboy Hat,264
Big Beard,263
Wild White Hair,248
Blonde Short,239
Spots,236
Rosy Cheeks,231
Top Hat,210
Pink With Hat,176
Pigtails,172
Welding Goggles,153
Buck Teeth,137
Orange Side,121
Pilot Helmet,100
Tiara,97
Choker,94
Beanie,71
